Record Number,pH,TDS (Total Dissolved Solids)
1,5.18568915,728.2703518
2,5.507719112,912.5384794
3,4.962620323,1284.250735
4,4.952010748,373.3791201
5,5.82890385,1343.232918
6,5.745770358,1254.301908
7,6.089400824,795.1606981
8,4.933585435,1165.994908
9,5.654727691,776.0159077
10,5.798159642,166.0725546
11,6.166168282,496.8012107
12,6.339193733,1610.897711
13,4.639991407,1067.083303
14,5.330321658,1092.153786
15,4.650608792,1474.743238
16,6.011370205,935.9408551
17,6.206257724,869.9156405
18,6.383123341,1285.968854
19,4.933187008,1427.434428
20,5.514791817,1115.01591
21,5.231732484,780.9277729
22,5.152372486,1582.295406
23,6.364507325,1049.692395
24,4.812682087,1145.34467
25,6.052199178,607.8328345
26,5.362560043,274.5721579
27,5.222540143,416.1375069
28,5.208329074,1749.545369
29,4.873223516,1118.478987
30,6.051782593,1889.492757
31,5.495711384,159.5203914
32,6.154192838,1785.317934
33,5.273636882,1574.674566
34,5.931828217,356.4804161
35,5.987913624,558.9079553
36,4.918621864,614.2294936
37,4.886524876,301.567086
38,6.320263715,807.3545413
39,5.260389139,1099.363849
40,5.130481663,834.2510581
41,5.715404783,130.249024
42,4.660395162,1427.864039
43,5.968100824,67.34400056
44,5.092645345,1956.622533
45,6.241010454,888.9545838
46,4.857674231,243.1877436
47,5.860574538,423.9158142
48,6.065327711,1056.458362
49,4.86509191,529.6958446
50,6.302309737,454.3019412
51,6.296830275,421.811397
52,5.604271754,1650.318288
53,4.924548863,56.38725719
54,5.361111507,266.4502458
55,5.766430434,1365.105376
56,5.705870641,1865.15205
57,5.525496333,1954.005633
58,5.276509849,427.9900673
59,5.187586992,1705.234184
60,4.743934274,1817.213022
61,5.790374912,1963.482477
62,5.461283304,1848.152347
63,4.693839413,259.9153859
64,5.790665976,809.1893553
65,5.490588455,1835.366442
66,5.724589245,1998.070838
67,5.049160371,1370.834816
68,4.509694104,1240.9106
69,5.965766503,47.65515922
70,4.650040629,209.9289208
71,5.627061414,1369.091167
72,5.415530702,1180.77605
73,6.167867028,1293.414393
74,5.816896577,351.6135572
75,5.724010063,1544.019845
76,6.145166901,1949.163128
77,4.782917848,1226.490355
78,6.238624868,336.0935141
79,5.443719079,1861.183164
80,5.75101081,1085.772393
81,4.922626225,969.5594411
82,6.158709717,339.707146
83,5.704937692,682.992817
84,4.6354967,499.6723694
85,4.799207829,1501.137925
86,4.987980479,550.0690841
87,5.202367775,1794.446395
88,5.984241692,67.11746869
89,5.918324157,1309.530751
90,4.703190702,374.3229442
91,6.106548342,627.1428105
92,5.158886016,1565.504578
93,4.936151243,1802.616292
94,5.563919365,430.4137105
95,4.668226122,1115.067706
96,6.337628494,826.4585493
97,5.985053021,896.962254
98,6.043244059,146.1986171
99,5.333223436,1362.867443
100,6.334118127,1567.012068
101,5.711811535,1366.427814
102,4.767901893,430.416896
103,5.160312931,1596.11525
104,5.375909309,677.5073511
105,6.041605992,65.91918231
106,5.050341183,336.2597824
107,5.221931983,397.0551992
108,5.413113991,928.3608359
109,6.321960006,1951.828123
110,6.051152935,463.5248073
111,5.861271038,1749.890391
112,5.533574483,1257.71564
113,5.799777386,382.9194211
114,5.182264789,1461.675573
115,5.599719934,1896.079545
116,5.018248311,1581.907343
117,6.170241077,244.6250388
118,6.216515493,329.8013113
119,4.969439478,1323.103603
120,6.215019558,1480.856171
121,6.281244011,975.4126033
122,5.370116267,919.9967363
123,6.30341934,1313.5964
124,5.542312032,238.1797365
125,5.033321673,1794.297087
126,5.737264957,1835.342368
127,5.742313595,664.4253763
128,4.69312014,649.9457981
129,5.592801509,866.0247195
130,6.167598301,1338.889345
131,6.073071311,1628.320271
132,6.28984479,957.5425363
133,5.458558424,957.7054688
134,5.606219106,1440.141557
135,5.994573297,1658.168358
136,6.028072502,793.3865592
137,4.851706115,1928.993512
138,4.725534997,1044.892398
139,5.535976319,540.2959289
140,4.740961269,243.7561623
141,4.785890148,113.7137544
142,4.548676918,1619.130249
143,6.221121453,1597.155251
144,4.879195073,307.4848882
145,4.644130767,534.3934147
146,6.130387452,1030.254271
147,5.620257024,1667.712292
148,5.483785406,313.1137868
149,5.230132538,470.7088342
150,6.257252938,519.4436428
151,5.360241849,38.1889417
152,4.5815259,409.2126941
153,5.482710168,1434.155931
154,4.578006615,1874.453334
155,5.914698964,170.7227433
156,5.123533929,76.65997956
157,6.22334621,1283.214674
158,5.928764574,1581.424259
159,5.991013309,1652.025497
160,5.59553145,1597.747441
161,6.345259927,1869.268989
162,6.008478436,272.1491229
163,4.640928316,1442.953647
164,5.983314978,978.5050656
165,5.029185223,35.82648442
166,5.978909182,1846.869476
167,5.317756182,225.0894963
168,5.55529339,1042.21809
169,6.151431156,1702.515059
170,5.965704751,115.5856969
171,5.173584517,501.6629689
172,5.632819231,303.9685509
173,6.173193762,1325.736531
174,4.672146417,1466.973891
175,5.373627175,108.1983525
176,5.522428818,1030.385458
177,6.336593562,1726.828072
178,5.750072955,1402.433646
179,4.664869724,501.5002095
180,5.633361239,1812.949101
181,5.908672547,1529.763293
182,5.33363319,1747.824906
183,5.803797073,85.52848222
184,4.961191875,1574.271416
185,5.381744356,1772.712368
186,6.141093901,1574.35962
187,5.800818673,1779.8665
188,4.619844234,1631.282953
189,6.050139384,1864.387217
190,5.225159476,1784.933378
191,6.370760889,1394.607468
192,5.945912751,355.4388665
193,5.639866711,1282.905561
194,4.842942128,1850.36664
195,6.023760633,1770.261722
196,5.695656162,221.0534032
197,5.558202712,1165.463482
198,5.563575728,374.2862862
199,6.317389564,890.5065651
200,5.648248862,865.0615341
201,6.068729525,1668.425125
202,5.133959266,787.2587285
203,4.881954399,61.92874177
204,5.265661522,1859.876681
205,5.298056882,1584.89245
206,4.969750801,998.1464211
207,5.902001567,866.4699821
208,6.08995615,1328.651631
209,5.292682004,755.3982358
210,4.836777878,1916.647668
211,5.919245512,712.7975907
212,6.235857039,861.5603073
213,5.219326748,1534.661533
214,5.356874515,454.180519
215,4.679319173,132.4246261
216,6.237648014,294.2700007
217,5.263280726,655.7613401
218,6.312620042,309.7135583
219,5.899134788,709.8099557
220,6.033871663,584.7628096
221,5.810530015,371.9240888
222,6.013648213,896.3466232
223,5.807539044,273.6442264
224,4.987780328,230.0292752
225,4.961102048,1985.572045
226,6.260949526,481.6326708
227,4.61011176,872.8098051
228,5.096626122,431.8903134
229,5.744651951,1447.021875
230,5.552979791,997.0704888
231,4.557892123,1369.762473
232,4.69961363,277.388681
233,5.520689945,174.7728307
234,4.997591361,1110.456494
235,5.242580893,10.18587366
236,5.517799865,777.8798984
237,5.185281859,1755.074501
238,6.011180885,120.0637927
239,5.37410354,800.559491
240,5.664380209,1327.203819
241,4.940943139,1696.8267
242,5.771996056,1130.374953
243,5.712506378,158.7495527
244,5.185050887,1730.892046
245,5.848861517,1967.321899
246,6.060178997,619.3763403
247,5.937747991,1575.528104
248,6.247180526,1705.546243
249,5.221093815,349.6506638
250,5.645237105,75.63530472
251,6.383498775,873.3457595
252,5.280286435,14.2676488
253,4.641193187,43.13867568
254,5.688238702,592.3982656
255,4.729095584,439.5460491
256,6.386892133,1835.417055
257,6.343480959,565.5359123
258,4.867866116,946.4471341
259,5.975568526,903.3478497
260,4.509394133,829.1316909
261,5.758267823,1000.218566
262,4.977833818,795.8202224
263,4.643395571,1666.952782
264,4.738192222,1970.930577
265,6.292729928,1242.967647
266,4.713895035,40.75147978
267,5.378274455,1962.673211
268,4.906104649,105.529809
269,5.349785804,258.7611374
270,5.573970463,717.7303072
271,5.204440213,793.1264635
272,5.825173507,744.4274795
273,5.828861375,640.3094333
274,4.742760545,1129.518487
275,4.729913607,441.1263368
276,5.334489899,1116.424065
277,5.311458686,597.0419174
278,5.531132815,1491.178611
279,4.882501358,1570.064447
280,6.025029238,554.2415286
281,6.001144016,521.326085
282,4.707262417,190.9311737
283,4.841800142,811.4466109
284,5.786871893,1133.002123
285,4.561466938,36.30532142
286,5.7175439,1011.275445
287,5.766770027,779.6519391
288,5.269566504,651.0857577
289,6.050591505,999.3583618
290,5.258105125,1917.511323
291,5.521500493,1207.817208
292,6.344251462,1005.165872
293,5.741164785,1069.485584
294,5.356646599,1625.162435
295,6.260544866,1824.303194
296,4.981073046,1621.045566
297,6.169196422,1992.600438
298,6.34012305,1353.863271
299,6.150894904,1491.80462
300,6.339636002,1433.843334
301,6.080159488,1582.240887
302,5.796338207,1999.017812
303,6.085521822,1685.884609
304,6.168435794,1260.146724
305,5.386594201,692.2086242
306,6.265466341,949.3537434
307,5.308625678,1043.48363
308,5.168934221,1638.522552
309,5.221009911,202.7914666
310,4.946696853,315.7911847
311,5.709607249,1348.160357
312,5.078272185,539.0331233
313,6.217427416,1501.365366
314,5.155062355,51.45280024
315,4.772039276,1242.619504
316,5.779345876,1675.241732
317,5.746536774,1665.765873
318,4.898098853,254.6805043
319,6.274730688,335.418275
320,6.05832936,128.3632389
321,5.94312241,1307.216052
322,5.706964053,788.6552971
323,4.810423484,702.7963975
324,6.194245061,1951.462692
325,5.736292274,713.9909615
326,5.546137542,1232.52057
327,4.854309098,282.2384105
328,5.408804585,1947.413603
329,6.349209536,578.1982166
330,5.041003609,1895.286433
331,5.830658171,1785.232974
332,6.127530882,177.4592548
333,4.924938165,312.6359551
334,6.159860052,895.6741941
335,5.799050879,934.9709818
336,5.97565523,956.6864419
337,5.389208213,1418.475528
338,5.876430298,1801.63334
339,4.989517184,1372.655746
340,4.527749042,138.4315825
341,5.55581252,597.1337554
342,5.169731716,186.1885459
343,5.414310832,1130.810913
344,4.886569309,1575.645573
345,5.468786627,655.6353429
346,5.301156555,47.51768286
347,5.510089301,1720.575738
348,5.839208826,88.79262105
349,5.788601757,1741.41181
350,5.021201585,1825.845834
351,6.378274291,451.4613881
352,5.498405692,431.6897149
353,5.313786751,56.97905887
354,5.737912239,660.8065914
355,6.095793643,848.6208389
356,4.615696288,1041.881412
357,5.716122064,974.9141172
358,5.765661439,665.6517896
359,5.868342383,24.32012811
360,4.521882436,711.1250876
361,5.500608456,932.3392336
362,6.3175591,353.58412
363,4.973553625,1386.093589
364,5.042144843,1014.706912
365,6.201080239,601.2531652
366,4.887374104,1373.324717
367,4.705110146,1984.644006
368,5.253411157,1582.397848
369,5.855325345,654.8171023
370,5.858625416,311.4544375
371,6.234297038,1512.763524
372,5.483842761,654.6206739
373,6.011594615,933.4130194
374,4.51205613,915.4831948
375,5.711320771,1904.184263
376,4.500211723,707.5663124
377,5.430740406,1334.58587
378,5.061730529,1515.330552
379,5.001594343,492.6000614
380,4.959573943,301.5297526
381,5.838129941,1503.336502
382,5.679314496,591.5065543
383,5.69078525,117.9964343
384,6.315172759,1559.062997
385,4.739119747,140.1451253
386,5.186324664,1036.888994
387,6.236152582,556.1101075
388,5.809679804,1908.546104
389,5.707274126,1112.800408
390,5.186111047,1207.85041
391,5.488912686,1933.855737
392,6.223537531,912.4385911
393,5.327532588,1458.075834
394,5.237159647,514.0193605
395,4.908068904,852.2589062
396,5.434399078,1108.808416
397,4.63299552,1755.365312
398,5.680866815,513.5867057
399,5.632193577,1212.01353
400,5.50871742,275.4638333
401,4.643343714,373.8562709
402,6.385311545,1407.24082
403,6.20685299,45.84803134
404,5.196474406,35.0537599
405,4.598869878,1349.85656
406,5.851968758,1532.145024
407,5.44925818,668.7627232
408,5.001685622,1989.685288
409,4.822664843,1824.374946
410,5.090265369,41.2885474
411,5.43208641,1072.32126
412,5.18398184,670.6408858
413,5.122656059,88.43793243
414,4.859309399,1220.910528
415,5.114665803,903.5454123
416,4.528103722,1190.509309
417,5.774022936,1614.369973
418,4.574603866,477.9396684
419,4.554626321,27.7042875
420,4.992668547,466.3352606
421,5.689142964,787.0761285
422,5.371944947,1562.173159
423,6.151585867,1012.562857
424,6.144777314,374.0998093
425,5.257474349,1952.420818
426,6.119199155,1986.422536
427,6.018129148,676.2368281
428,6.022837623,455.0069792
429,5.218411692,272.2071566
430,5.685155974,970.0869495
431,4.648170316,737.3569415
432,4.665436303,1901.569282
433,4.838211242,1392.739524
434,5.82973097,361.3768178
435,6.219459753,1282.196886
436,5.042924191,1328.226968
437,5.498205008,996.8755054
438,5.385727604,1137.736086
439,5.712764219,88.27041923
440,4.93993384,321.2089816
441,4.796819973,774.7929514
442,4.631775527,33.7473239
443,6.308994115,983.9978832
444,5.425040143,1557.770838
445,5.618034486,1312.635112
446,5.368419077,20.07668913
447,4.570149,360.9954418
448,5.747387673,1457.234889
449,5.540113167,378.2134607
450,4.611829541,1460.496787
451,4.689388051,95.51256295
452,5.713778622,584.2842835
453,5.769697019,308.5666407
454,6.292986088,1833.11767
455,4.883295076,928.9931801
456,4.933183518,1482.592689
457,5.982218663,225.8201244
458,5.284275937,1668.786223
459,5.090090352,377.8578367
460,6.118062845,1412.113706
461,6.247795577,63.63986323
462,5.138106273,300.9433072
463,4.680660963,1808.224682
464,4.502625666,389.0454638
465,5.01484185,252.6360136
466,5.906919883,1410.712747
467,5.60980739,1033.502727
468,6.17798618,752.884526
469,6.037123766,115.855456
470,5.44791779,1609.73584
471,5.794935798,1366.982448
472,5.376672937,324.279367
473,6.37927235,1886.753125
474,6.300011726,1922.581112
475,6.354226636,1718.564845
476,6.397605978,231.5206679
477,4.76355161,1407.341671
478,5.834609716,628.2712192
479,5.043565987,1634.771812
480,5.845453049,1817.938361
481,4.896759447,1779.2246
482,4.688910334,522.3906975
483,5.587583433,276.2534597
484,5.158699639,303.1214516
485,5.490056269,52.93508633
486,6.121767718,874.8056507
487,5.351641088,886.3538652
488,4.690440263,1570.080652
489,5.827996625,1882.009914
490,6.097047908,237.6529482
491,6.193052014,192.4187908
492,4.74567246,151.5878338
493,4.620784794,1344.515391
494,5.077219687,1612.664715
495,5.135798886,135.396273
496,5.702770107,448.3994844
497,5.681491626,476.251363
498,4.663852182,660.0724849
499,5.157044477,1255.97189
500,5.369481507,1000.244634
501,4.619159119,51.41975688
502,4.60436208,567.6922276
503,5.687032005,468.0894191
504,6.284556624,1948.298382
505,6.135982407,626.9598996
506,5.296778972,1108.347548
507,5.618338396,1961.673809
508,5.577956174,944.6658315
509,5.588199456,905.8872975
510,6.00032547,510.8171152
511,6.044728418,169.4716398
512,4.510280993,1238.954334
513,5.37624391,997.1744601
514,6.319763018,1131.531693
515,5.879253064,924.103664
516,5.268249192,459.9337072
517,6.174812433,32.65187493
518,4.99564181,1147.706149
519,4.733817124,1697.121178
520,5.402001992,1766.088649
521,5.412952555,489.1909397
522,4.938361386,100.188097
523,4.777852388,1981.684904
524,4.756520899,851.0264956
525,6.299998299,1499.329617
526,6.212227456,944.3624277
527,5.355379844,229.6918457
528,5.241913691,955.9339441
529,5.063231743,1605.670641
530,6.303732652,886.3572465
531,4.817742885,1952.851378
532,5.097710914,112.5720604
533,5.189275185,1333.9384
534,4.600922637,1808.512568
535,5.393004895,1590.100296
536,5.844691787,1415.324063
537,4.633866751,272.4320305
538,5.208765205,1542.280453
539,5.337491499,1993.296386
540,5.043691791,601.7844917
541,6.302132243,1160.488644
542,5.764858621,440.6224636
543,4.88908729,160.697929
544,5.706290417,239.6416358
545,6.151166425,467.3919213
546,5.32043738,1387.482524
547,6.224857858,1649.410911
548,5.389148651,1118.799215
549,4.885285541,539.0558525
550,6.337282317,1239.739369
551,5.027078912,107.4178199
552,5.63930865,1212.047757
553,4.55677479,48.28733812
554,5.876869395,1060.101594
555,6.094168521,591.9591905
556,5.519531001,438.3819988
557,6.096368651,1284.05563
558,5.736382099,299.4412673
559,5.776577095,524.7891747
560,4.881741723,1760.150194
561,5.075680239,57.14778301
562,5.063042832,881.3832485
563,4.52542116,523.731203
564,4.702949703,1636.984959
565,6.095510393,34.76059675
566,4.621240138,554.4594937
567,6.146160067,413.9815469
568,4.749216319,7.132371446
569,6.309008092,1775.562069
570,5.762320472,361.5988667
571,4.689806351,1131.558033
572,6.001109315,1369.733579
573,6.334302067,1404.735606
574,5.425350679,114.0342407
575,6.053443283,143.0442048
576,6.040617209,1973.196051
577,4.53622335,174.8967506
578,6.247772259,600.1039891
579,6.292736305,40.77592849
580,5.42779057,1368.371777
581,4.507847239,485.5410952
582,5.544221183,1275.132176
583,4.61488394,1681.581993
584,6.10442056,1657.071211
585,6.158972871,233.6929746
586,4.963659769,26.93398325
587,4.670090507,1688.263855
588,5.213637563,784.5699618
589,5.379265548,769.9178371
590,5.757466041,346.896284
591,5.600880677,450.6443797
592,4.966701819,136.8917726
593,4.775787981,1476.086003
594,5.474443952,1655.246634
595,4.608682775,1380.402442
596,4.87753654,116.1289149
597,5.615988924,930.5251114
598,5.365429618,1141.572116
599,4.742544991,454.1010789
600,5.706577023,1549.647324
601,5.955365728,694.6796609
602,5.302450785,386.939625
603,4.712308261,76.4487562
604,6.218639021,446.1518281
605,5.661190624,71.18179318
606,6.017977243,1870.442818
607,5.437700519,1042.492764
608,5.266680031,943.9546249
609,5.13771549,1268.012846
610,6.165464191,1956.972889
611,6.231679624,1300.838606
612,6.019291035,870.8916256
613,4.724980777,76.4945886
614,5.715174893,947.8795971
615,5.808132394,1169.739627
616,4.551809179,233.1289198
617,5.121735834,349.7407901
618,5.852073161,508.5992399
619,5.516467331,1704.775012
620,6.056617825,1142.258073
621,4.820970958,376.4554526
622,4.76990359,989.0568447
623,4.512772888,156.5175358
624,5.90781396,69.98803533
625,4.707901785,1159.347044
626,5.32096464,1094.353899
627,4.62551565,1182.353454
628,5.823592828,229.3528297
629,5.164553667,1403.938569
630,4.811292228,1838.442912
631,5.444359327,1848.210942
632,5.142395909,433.1911494
633,5.968560811,1047.708724
634,4.797752755,762.0743752
635,5.976425748,1802.089707
636,5.798099072,1041.354161
637,5.413880634,1974.459215
638,5.763607886,380.7639095
639,4.789125703,146.2841304
640,5.49697408,1335.368796
641,4.684168693,417.4036525
642,5.187731143,1461.908597
643,5.83662017,1090.60359
644,5.070365084,1952.693308
645,5.041512198,939.0086602
646,5.024620586,1131.47592
647,5.417106567,1388.789949
648,6.025435821,218.5858314
649,5.592736018,1856.287677
650,5.459970532,944.4592839
651,5.674024617,1935.220121
652,5.405158863,938.9447032
653,5.845299305,1798.43538
654,5.689204881,1723.609307
655,5.10028581,690.8960095
656,6.229639489,1093.152701
657,4.724796268,1939.045625
658,4.549164204,1017.274982
659,5.766849441,86.91205131
660,5.722782909,1151.498205
661,5.499244244,433.059979
662,4.645573335,964.3325663
663,6.190940194,347.8347977
664,6.287199407,988.0138393
665,5.116731288,1716.015081
666,5.225346203,1120.464266
667,5.252735242,677.3721521
668,6.077289641,592.5876081
669,4.854568458,665.1083455
670,5.25109135,1242.27099
671,5.685395768,553.138805
672,5.14605142,695.8063108
673,5.375631986,1254.175524
674,6.185300994,816.0922838
675,6.235882893,1916.351798
676,5.648257066,1994.808771
677,4.868321799,1857.366356
678,4.580168185,1932.110616
679,5.544648495,970.1041905
680,5.23879475,1648.680509
681,4.673820862,1666.410173
682,4.842108949,1926.438993
683,4.743076978,78.47131688
684,5.719669673,1454.583865
685,5.937956699,959.7991039
686,6.321116322,301.6924228
687,5.233283174,1582.004043
688,5.632179257,1324.568401
689,5.205075924,1328.26843
690,5.553280816,1004.238364
691,5.742189524,1229.836357
692,5.652338365,1714.177466
693,5.002559763,985.8699092
694,5.88638368,375.1052653
695,5.290118679,1747.408772
696,6.154989347,902.9221396
697,5.123166461,1599.652678
698,5.050593714,1458.479685
699,4.752696659,985.0243597
700,5.47188099,131.8097571
701,5.516336722,648.6666233
702,5.920963647,456.0742719
703,5.49568752,1797.584716
704,5.922449764,1541.517654
705,4.587490167,199.2661137
706,5.934014631,1212.14928
707,5.871272573,621.6289247
708,6.126232186,764.1491099
709,5.81860795,273.6322257
710,5.553057639,228.7248412
711,5.315159018,1594.642179
712,5.261239948,1872.212369
713,4.979801064,1622.073891
714,4.906916883,860.7873625
715,4.973336607,598.0681435
716,5.5593815,491.8739009
717,5.230189705,1551.41857
718,5.548252301,941.1264351
719,5.864377812,809.7805262
720,5.372528232,742.463511
721,4.709875398,1085.089854
722,5.353541064,1000.92988
723,5.184247279,1559.092989
724,5.954007847,1749.709465
725,6.394144428,334.0942954
726,5.489709311,1247.921754
727,6.041798032,1505.698264
728,4.728020417,1176.521652
729,4.962801854,1210.373234
730,5.063680769,378.8707454
731,5.289593018,756.5424904
732,5.221161533,446.2773947
733,5.345480604,614.0932766
734,5.295389778,896.6538911
735,6.057539536,1645.046149
736,5.958835005,1189.921269
737,6.099907502,763.5061462
738,5.26492217,159.3514733
739,4.729183634,1745.122122
740,4.89210356,814.3377579
741,4.988719307,1193.25268
742,6.14389617,795.2302153
743,4.960762856,1018.984313
744,4.63455494,1291.886062
745,4.891684406,175.9346543
746,5.741530362,443.8736624
747,4.710212033,1053.012588
748,5.687929228,100.5170899
749,5.771304013,251.4557698
750,5.952018554,1474.979511
751,4.996715976,579.4274903
752,5.719093978,445.2692375
753,5.296217962,1789.735823
754,6.135565675,7.291861897
755,4.928555566,796.0915679
756,5.935265986,1449.767934
757,5.053467957,909.2497193
758,5.681567072,273.3874923
759,6.065179789,9.836534214
760,5.019797328,1133.668933
761,5.629283849,629.6523712
762,5.4976931,1391.018192
763,6.17530374,1553.738869
764,6.322244158,1281.470683
765,5.729844678,1607.691216
766,6.068007343,1152.386756
767,4.502906302,816.2006249
768,5.015064969,455.1461452
769,6.377270267,1620.650564
770,5.670034339,629.9539903
771,5.228499157,1646.840978
772,5.017713701,626.8867959
773,6.182553665,492.9894029
774,4.643296773,1208.388657
775,6.380247784,1663.163525
776,5.33731058,662.3612507
777,4.833876755,549.3367676
778,5.280092386,324.1793054
779,6.101440691,410.0085918
780,5.786272177,205.4726741
781,4.574997364,1575.411194
782,4.661073201,20.68540948
783,4.820062096,457.1068227
784,5.85066909,20.90554575
785,5.593105668,1952.687078
786,5.128684423,1405.737913
787,4.941751721,1334.119614
788,4.726434577,408.2934218
789,5.730340096,1852.277166
790,5.430782072,1338.758043
791,5.427021299,1636.547775
792,6.166853691,36.80553893
793,5.283866338,1896.799066
794,5.834511511,68.63925154
795,4.999251732,519.4815936
796,4.602039307,547.1196835
797,6.121349087,1874.49424
798,5.19636285,251.9816144
799,6.29645149,1368.589986
800,4.633642045,865.591145
801,5.614654338,840.3067798
802,4.619043905,979.7114157
803,6.02298496,1161.608536
804,4.844963346,1975.419311
805,5.816253801,1409.429228
806,6.15927298,1490.108539
807,5.647935383,286.2399752
808,5.953022218,420.2691227
809,6.082371979,934.5504712
810,5.939575498,1955.429901
811,4.835298566,1815.596757
812,4.66881426,1114.017429
813,4.5183607,265.988149
814,4.819646782,303.8998749
815,5.000983572,1055.106551
816,5.16783549,1380.930938
817,5.079679708,1919.775538
818,6.173800161,1109.623423
819,5.839856686,86.51076934
820,5.266058004,50.95875037
821,4.977700889,997.3564881
822,5.054906905,1176.103923
823,6.221851047,1062.547661
824,5.473983491,867.4347698
825,6.16035544,964.5069997
826,6.324250203,466.5614239
827,6.178721453,202.8835902
828,6.272856976,530.1397369
829,4.851867303,46.30722253
830,5.276821285,1406.939339
831,5.625898804,997.3947245
832,6.095087517,714.9734903
833,4.613524459,1878.787848
834,5.192094457,1786.243349
835,5.775145405,706.133254
836,5.850327222,718.7827449
837,4.565883735,1664.13572
838,5.244736402,1871.660107
839,5.813776188,117.0160574
840,5.655045049,1562.214331
841,6.398055596,1119.556757
842,5.793241653,1682.040556
843,5.58732335,643.8449041
844,5.504822447,1479.735242
845,5.121788425,1634.15698
846,5.551518165,1422.138907
847,5.185617627,611.9788686
848,6.123975058,104.3229214
849,5.347026897,72.24743477
850,5.905623078,689.573872
851,5.459138423,1120.409192
852,6.237705868,95.44424147
853,6.264394149,1288.28462
854,5.183198272,1206.239942
855,4.9862002,1429.859992
856,5.474023237,77.98561408
857,5.605348141,410.9413007
858,4.868961415,478.3100195
859,6.203107015,874.4154002
860,5.979201343,224.5409591
861,4.980200477,411.5340393
862,6.399455733,412.9768124
863,5.274644641,1317.757598
864,5.250385592,1122.322123
865,6.14649098,253.1866826
866,5.445366844,194.6366289
867,5.780406825,1816.602758
868,4.621745723,1534.781208
869,4.664197387,1184.742196
870,5.15430908,879.0132727
871,4.848714564,98.56497936
872,4.618607851,1230.996277
873,5.430497722,898.5354546
874,4.671241425,216.542916
875,5.497729677,606.6507452
876,4.865417987,1276.902604
877,5.519316644,71.93525551
878,6.249938637,1082.094665
879,5.430097983,757.403051
880,6.069205932,560.1150359
881,6.358125178,16.63591716
882,6.316701049,507.6898707
883,5.319719749,1345.781126
884,4.7237266,1481.258476
885,5.618112253,674.252446
886,4.709303118,1193.166809
887,5.254508239,264.8129614
888,5.787525582,1668.33153
889,5.732970199,1853.722005
890,4.996580138,301.3871364
891,5.833157095,845.0432434
892,5.500808292,240.5951175
893,5.041989761,299.2660845
894,5.67196348,429.6390006
895,5.53241689,873.9017068
896,5.551933647,1906.212799
897,4.541551909,1672.720409
898,5.847459933,1508.360951
899,5.449506955,183.4292665
900,5.723689146,1500.368538
901,5.808181557,253.2824715
902,4.648231603,151.347142
903,4.746159114,930.6890551
904,6.159753483,819.1611395
905,5.509689245,1327.106223
906,4.693629314,1411.379747
907,6.178866736,1835.265359
908,4.763750235,1533.028189
909,6.206701039,1252.790226
910,6.162599994,1549.542419
911,5.522163552,720.094613
912,4.882795159,1827.882672
913,5.20323891,257.7406035
914,4.738276589,549.1539465
915,6.200701616,1200.182705
916,5.908713579,683.9233838
917,5.822885968,1224.601704
918,5.585536187,664.5192821
919,4.54287114,297.1363679
920,5.452841991,1519.429472
921,6.137718506,1056.217787
922,4.908034547,1305.677876
923,5.264440828,1666.726831
924,6.237340634,326.8458399
925,6.283885145,694.5677335
926,4.78458335,345.9060425
927,5.835131901,184.7678234
928,5.633231756,611.9852291
929,5.067579708,300.745788
930,5.568333149,799.1537639
931,6.310174477,346.1369699
932,5.961043384,1850.95577
933,5.694883313,1114.524903
934,4.791502738,577.837929
935,5.648492594,475.6741569
936,5.504089507,1328.294427
937,5.352266235,1721.038422
938,4.515568091,1008.690648
939,6.264255758,142.5490636
940,4.908663231,914.6989408
941,5.314631571,1476.478207
942,5.002848588,899.1830343
943,5.17115043,374.1965737
944,5.924151754,1660.801011
945,5.997879138,541.7182298
946,5.344828693,1234.014463
947,5.755242543,1853.084318
948,6.362224251,481.6478963
949,4.949112269,53.94332876
950,5.841060392,995.486647
951,5.020800668,313.978372
952,4.869450724,1485.134189
953,5.49273543,203.8776425
954,6.334043661,930.5195186
955,4.991355279,1140.891594
956,5.205765618,958.613151
957,6.261968736,947.2171573
958,4.72966296,1761.459519
959,4.597613125,1037.59953
960,5.619568326,1887.40072
961,4.718109877,1123.396947
962,6.365690641,1614.943713
963,4.680098121,1236.788756
964,5.121910313,1545.602179
965,5.311675659,797.8856305
966,5.682042978,1891.049147
967,5.588408931,581.8805534
968,4.881656642,133.3163334
969,4.774079809,1705.980659
970,5.162406427,226.4792715
971,6.279919284,1266.455187
972,5.150490477,321.9499705
973,4.56321132,1187.671523
974,4.827578388,996.5299783
975,5.443899511,1126.793395
976,5.362462321,975.2715297
977,4.828344836,467.9456763
978,6.137849314,951.2849446
979,4.787478952,113.3008014
980,5.633404532,451.3755549
981,5.300586162,1560.115034
982,5.965307067,1206.821229
983,5.906485703,1988.430511
984,6.346006003,1029.059504
985,5.602180521,451.5106303
986,5.579315985,218.0667748
987,5.408253578,776.9623212
988,5.156070553,475.1145617
989,5.683869656,942.8784152
990,5.565150796,1238.73196
991,6.21411149,1756.918836
992,4.7645355,257.5214663
993,5.793068562,434.0679822
994,5.438502783,1064.050564
995,4.889786118,1982.852672
996,5.439270941,1495.248385
997,6.371186828,1653.175417
998,5.946528862,356.5135494
999,5.610574656,1727.479585
1000,5.34887947,1075.818838
1001,6.236410666,743.5978074
1002,5.697833471,1229.667166
1003,5.222482081,424.5452973
1004,5.843714028,182.7122134
1005,6.03788805,363.4850097
1006,4.873807314,955.0420652
1007,5.700586586,302.8583386
1008,5.302344244,1119.902092
1009,5.014491035,1013.546587
1010,5.756028803,1260.757723
1011,5.073667146,1761.958067
1012,6.160020708,1984.961348
1013,6.024949267,68.41100034
1014,5.124045691,53.92512133
1015,6.141013161,829.8292488
1016,4.964071829,80.36926915
1017,6.25522397,1214.831501
1018,5.504847104,863.0043852
1019,4.895125912,958.9795238
1020,6.100531459,744.5775015
1021,6.363594311,1908.36867
1022,5.639851017,670.7600128
1023,5.078593989,1115.02639
1024,5.556782029,781.8469055
1025,5.013788434,1890.748252
1026,5.626320834,1578.13045
1027,4.831911906,1769.856593
1028,5.290829034,1062.446055
1029,5.142834556,1637.744147
1030,4.528768881,1563.640808
1031,5.300157905,544.5201564
1032,5.388933325,678.0177172
1033,6.345029183,1402.972167
1034,5.924966753,1149.857516
1035,6.367375525,49.47960597
1036,4.758229439,1132.254257
1037,6.283123065,1036.009718
1038,6.321673942,1873.505245
1039,6.016782805,1264.751765
1040,6.122212755,210.4796441
1041,5.84885465,1164.278998
1042,5.683152922,1809.696157
1043,4.554654892,887.4488262
1044,4.721533135,645.8395345
1045,4.86170371,1227.234661
1046,4.939580219,826.748859
1047,4.518263759,1133.290813
1048,6.108792717,694.4252116
1049,5.417129595,168.9218104
1050,6.100090567,1167.19159
1051,5.241681503,915.1435138
1052,5.03404535,1797.449871
1053,4.53978074,777.5517984
1054,5.901611341,77.72201586
1055,6.227868575,1967.78545
1056,5.195822307,1972.729489
1057,6.161348875,1994.312466
1058,5.43148241,280.1977067
1059,5.936968105,1338.410894
1060,5.51427765,746.9622819
1061,6.260502887,1265.412179
1062,5.562638648,815.5321072
1063,5.387630865,1055.000209
1064,4.91527195,158.0910988
1065,5.810942234,234.2192721
1066,5.273342917,1054.940539
1067,5.641509888,359.2763697
1068,6.315256612,1698.611472
1069,5.630858132,1887.325647
1070,5.595709825,224.0601896
1071,5.898396686,1059.045486
1072,4.575133397,1386.038136
1073,6.357741557,871.6832372
1074,5.788558711,1789.8604
1075,4.759360587,816.7650194
1076,5.458069376,521.2055377
1077,5.332751223,1642.515573
1078,5.120001953,708.9008081
1079,6.315929896,96.62658325
1080,6.085766723,753.5604359
1081,5.467396114,869.1288011
1082,4.792479511,90.40816434
1083,5.153773496,1020.723799
1084,6.39395407,962.3380721
1085,5.513433514,86.34087602
1086,6.211743718,1783.861531
1087,5.036730081,796.1908581
1088,5.54192395,1298.152348
1089,5.290618684,679.4325917
1090,5.243534884,1881.179904
1091,4.862357358,321.5247379
1092,4.983801061,668.3853759
1093,5.149652236,802.8777875
1094,6.030236582,1680.610238
1095,5.560212867,873.3361387
1096,5.197959824,980.1072968
1097,5.359901631,1893.897659
1098,4.690926026,1972.435669
1099,5.863791479,1948.552943
1100,5.612317235,1882.633085
1101,5.438558884,699.1503271
1102,5.563436574,1273.42124
1103,5.51724854,151.92661
1104,5.838752023,1799.571868
1105,6.123733556,998.0688636
1106,5.209761017,1398.857555
1107,6.272688965,385.9984453
1108,5.209775065,1200.865967
1109,4.722788739,136.6231114
1110,4.903960213,1074.304341
1111,5.135848711,1337.683943
1112,5.487005182,1992.309527
1113,6.361640914,357.2008955
1114,5.21004101,504.9342434
1115,5.13711173,985.8064407
1116,4.578851889,226.3801951
1117,4.975146175,251.0616694
1118,5.595446202,1176.659232
1119,4.748749799,1286.463515
1120,5.391871929,389.5014371
1121,5.330498424,1417.468329
1122,5.21489023,1705.811395
1123,4.537312224,837.2564789
1124,4.693157474,1093.932462
1125,4.976781214,129.7689289
1126,5.388181002,790.6703826
1127,5.368087626,479.5888945
1128,6.379982801,1493.760966
1129,6.055272443,1505.568749
1130,4.705451703,632.8189157
1131,4.894627554,1158.568155
1132,4.548295901,1805.036945
1133,5.015170852,422.8451069
1134,5.067610271,1277.720573
1135,5.060783186,1485.062114
1136,4.724859219,694.4473574
1137,4.510847484,249.5256856
1138,6.269120226,318.1611895
1139,5.126572359,938.003844
1140,6.09431409,92.97187584
1141,5.186411384,512.5500312
1142,8.152783928,2546.292637
1143,7.38693073,2750.829773
1144,7.191852513,2445.177754
1145,7.902167672,2705.460835
1146,6.781802409,2660.365665
1147,8.382476525,2443.08388
1148,7.526370401,2752.997575
1149,8.469000778,2164.972631
1150,8.465931141,2432.824422
1151,6.600306632,2153.281993
1152,8.116138205,2422.575631
1153,8.3293011,2797.420645
1154,7.923245655,2166.203567
1155,7.275992161,2490.453223
1156,7.73401357,2388.403294
1157,7.014733688,2685.404436
1158,6.749087811,2153.584391
1159,7.128576689,2156.838219
1160,8.283341466,2458.530003
1161,7.002106825,2345.231095
1162,6.968658358,2444.191433
1163,6.536360622,2413.934243
1164,7.533715358,2096.252031
1165,7.362593838,2770.631725
1166,8.230200146,2664.329882
1167,8.25783299,2005.623911
1168,7.029034669,2768.157896
1169,7.5677621,2197.806172
1170,6.729808484,2738.062405
1171,6.61472198,2791.664867
1172,8.309716721,2389.557489
1173,8.48547593,2357.403953
1174,6.930638095,2672.387926
1175,7.271028984,2423.154948
1176,7.220296196,2185.447195
1177,6.670737289,2082.197751
1178,8.09828235,2128.528832
1179,7.368420823,2293.974708
1180,8.405973702,2648.74735
1181,8.320307969,2592.518211
1182,6.999030996,2266.386328
1183,7.123914389,2594.478996
1184,8.304855156,2465.568425
1185,7.543105554,2635.298521
1186,6.60445994,2467.639352
1187,6.8135151,2022.735531
1188,8.443074451,2093.036171
1189,7.758692497,2203.673629
1190,6.798240336,2558.470215
1191,6.86145227,2120.093259
1192,6.690815309,2761.162133
1193,7.767082631,2768.562244
1194,8.190880675,2286.355859
1195,7.292162034,2689.766492
1196,8.052184285,2205.998349
1197,6.744603776,2509.968292
1198,7.851801788,2257.666479
1199,8.421280133,2006.754735
1200,7.48519554,2473.80356
1201,7.67776361,2040.319948
1202,7.614411908,2591.883058
1203,6.631883997,2556.196713
1204,8.02309936,2124.429195
1205,7.075621137,2495.382033
1206,6.713388405,2175.669287
1207,6.597189999,2386.044063
1208,7.251138311,2061.05012
1209,7.171819936,2757.603233
1210,7.578551757,2720.924588
1211,6.777582097,2380.923339
1212,7.384376581,2232.793259
1213,8.295235024,2128.507121
1214,8.075897637,2779.247501
1215,7.313378856,2395.831418
1216,7.62538397,2752.358996
1217,7.21995709,2557.46965
1218,7.335405893,2408.185737
1219,6.590012083,2591.338061
1220,6.820902714,2606.508448
1221,7.847252147,2129.226286
1222,7.98842658,2109.276762
1223,7.585226679,2096.175525
1224,6.516430459,2038.593968
1225,7.073234093,2714.527036
1226,7.039246081,2090.188004
1227,8.132927809,2429.347233
1228,6.538751099,2140.386622
1229,7.692332123,2340.308196
1230,8.060232147,2391.756667
1231,7.239966527,2137.385605
1232,6.915102606,2691.424024
1233,7.379657357,2311.869206
1234,6.505441862,2490.035135
1235,8.082414529,2638.156952
1236,8.027936485,2689.614081
1237,6.77260006,2491.33401
1238,8.416412338,2454.950592
1239,7.110476691,2567.486647
1240,6.808013073,2675.004181
1241,7.416502613,2403.512896
1242,7.32145168,2715.866993
1243,7.257862678,2611.179321
1244,8.082472823,2236.969651
1245,6.698738273,2240.905698
1246,7.563632456,2134.100673
1247,7.365682856,2746.780023
1248,8.301226548,2575.8022
1249,6.537758811,2271.546628
1250,7.466114075,2453.013067
1251,6.588543847,2729.931627
1252,6.994190484,2203.368197
1253,7.800300297,2191.614005
1254,7.645573053,2175.666229
1255,7.015132092,2486.103462
1256,7.75282561,2292.415077
1257,8.462934017,2584.21931
1258,6.768063802,2510.746826
1259,8.23273277,2077.260237
1260,7.666557249,2172.382293
1261,6.751929374,2358.611745
1262,8.021279503,2097.562878
1263,7.478398536,2550.905567
1264,7.71051273,2450.716387
1265,6.994360084,2613.556465
1266,7.364514981,2116.939005
1267,6.887486206,2544.156054
1268,7.385965508,2388.195713
1269,6.880361075,2106.422404
1270,6.99036401,2726.16601
1271,6.997251151,2709.631797
1272,7.049984774,2416.39479
1273,8.0842004,2442.999453
1274,7.788173918,2158.9231
1275,6.832809223,2583.622306
1276,7.979233645,2775.635611
1277,6.788441743,2100.075932
1278,6.639566336,2569.762597
1279,7.439406489,2497.133415
1280,6.902733658,2454.459206
1281,7.151827316,2301.273308
1282,7.429411885,2465.49448
1283,8.223363904,2119.868149
1284,7.117519795,2499.80085
1285,7.752485276,2101.106923
1286,7.966213511,2425.368488
1287,6.621259794,2359.227084
1288,7.565033545,2542.261979
1289,8.481709804,2153.288718
1290,6.914373973,2216.319325
1291,6.873160619,2251.646259
1292,8.015069078,2004.369578
1293,7.922107449,2454.338535
1294,7.716346551,2753.03703
1295,8.287261412,2222.599292
1296,6.993823082,2129.919468
1297,8.138942726,2625.739808
1298,8.012404825,2498.83651
1299,7.557400238,2574.523525
1300,7.872350431,2416.155212
1301,6.850846817,2066.883853
1302,8.361142928,2268.042309
1303,8.14435909,2707.604678
1304,7.149628104,2129.471067
1305,6.672407522,2360.106859
1306,6.85196819,2726.196988
1307,8.019719288,2708.775399
1308,6.675767439,2319.417985
1309,7.296200111,2123.818568
1310,8.331469922,2319.938473
1311,8.134790878,2623.035759
1312,6.700288316,2164.913444
1313,6.713172799,2097.62135
1314,6.528432975,2567.698232
1315,7.164803673,2384.491933
1316,7.139719856,2663.510675
1317,6.674639852,2665.913816
1318,6.576359708,2405.407094
1319,8.492235392,2547.363768
1320,6.614269575,2388.834786
1321,6.840866907,2410.855208
1322,7.969921618,2611.750736
1323,7.19843698,2196.517234
1324,6.771516913,2591.360385
1325,8.153174285,2071.881657
1326,8.010754535,2607.724206
1327,7.538740607,2437.87619
1328,7.478030366,2221.696196
1329,8.412151219,2671.086288
1330,8.308788984,2322.894106
1331,7.348705093,2073.180444
1332,7.664401073,2692.819798
1333,6.712591666,2516.697791
1334,7.26149217,2300.337386
1335,8.282132624,2518.318122
1336,6.693479954,2681.665462
1337,7.027200429,2006.132348
1338,6.817898541,2737.611828
1339,6.807128582,2076.146786
1340,8.126824008,2484.617337
1341,7.896083878,2282.827667
1342,7.318019476,2095.600696
1343,8.298370004,2180.50953
1344,7.232844235,2249.57401
1345,6.908799649,2618.897415
1346,6.86281534,2165.93273
1347,6.96418356,2467.143674
1348,6.808282812,2249.524621
1349,8.451584777,2045.862497
1350,7.726086209,2639.435337
1351,7.226552183,2575.519769
1352,8.404083786,2590.568623
1353,8.466062244,2694.609252
1354,6.719743223,2670.12125
1355,7.840189813,2515.62222
1356,6.674864714,2536.1259
1357,8.46229186,2737.242209
1358,6.611858031,2212.371422
1359,7.46432147,2735.828687
1360,8.484184282,2477.95099
1361,7.929180268,2007.349168
1362,6.503470438,2626.973645
1363,6.918621092,2121.575867
1364,7.258514526,2000.272203
1365,7.87216767,2656.106216
1366,8.168455472,2216.584524
1367,7.077720543,2728.610676
1368,8.016155344,2326.541985
1369,6.871591508,2645.971865
1370,7.944098548,2181.499581
1371,8.39238894,2277.146524
1372,7.384517824,2679.74312
1373,7.848149121,2092.833926
1374,7.424477593,2310.80848
1375,8.0868192,2021.313733
1376,6.51933955,2660.200003
1377,7.864758093,2157.309592
1378,6.683965922,2172.447543
1379,8.291621883,2030.556774
1380,7.770366092,2688.791875
1381,6.709321396,2081.422561
1382,7.29934399,2021.022988
1383,7.528727561,2081.477108
1384,8.339185497,2478.482119
1385,8.435231692,2731.090841
1386,7.823205813,2410.113401
1387,6.709284043,2416.639119
1388,6.571329419,2283.047185
1389,7.006710776,2303.618768
1390,8.042534237,2455.813364
1391,8.435904839,2510.005003
1392,7.577357714,2474.061654
1393,6.767322861,2483.323859
1394,6.601686576,2285.062818
1395,7.824407185,2566.87503
1396,7.446984501,2532.447785
1397,8.272053897,2478.970444
1398,8.166218368,2287.820983
1399,7.427383665,2095.307632
1400,8.339111129,2418.20587
1401,7.802295326,2789.679362
1402,6.68843801,2154.970026
1403,6.721473405,2430.079416
1404,7.530114288,2622.356952
1405,8.286660145,2689.824233
1406,7.783100408,2631.472804
1407,8.001520097,2785.214817
1408,7.749780281,2092.015561
1409,7.274567285,2496.936936
1410,6.719386444,2692.857128
1411,6.602408104,2647.218729
1412,7.709700852,2334.862642
1413,7.156269321,2060.632558
1414,6.577921678,2525.982498
1415,8.298938342,2738.473807
1416,8.002423605,2770.889784
1417,7.407073503,2714.546763
1418,7.087596738,2648.565851
1419,6.752639686,2323.258421
1420,7.259951619,2434.610087
1421,7.574575043,2618.173988
1422,7.348877638,2668.955291
1423,8.285408632,2726.412742
1424,7.518219108,2546.116988
1425,7.274380165,2429.06262
1426,6.961317591,2794.025591
1427,6.678734841,2142.447791
1428,6.938348713,2442.709938
1429,8.193716471,2126.125776
1430,8.075257272,2432.989038
1431,7.999820246,2461.14015
1432,7.901361528,2695.890119
1433,6.794120658,2279.494618
1434,6.901823961,2619.917478
1435,7.897451636,2197.323885
1436,7.792924176,2202.514423
1437,6.922536758,2320.692894
1438,7.263796485,2255.46625
1439,7.312504599,2782.697515
1440,7.404849786,2568.172723
1441,8.425284478,2294.069881
1442,6.9637568,2523.74316
1443,8.342969689,2286.527368
1444,7.736297236,2054.327898
1445,7.181124886,2752.302337
1446,7.166118364,2361.356382
1447,6.841644691,2156.871069
1448,6.73265918,2734.711434
1449,8.161606959,2668.587218
1450,7.312689215,2547.726028
1451,6.998497466,2445.792552
1452,8.490974213,2739.712693
1453,7.447851008,2404.738912
1454,6.813688073,2561.112075
1455,8.320208603,2481.059464
1456,6.713063266,2685.886747
1457,6.841278778,2342.183603
1458,7.414206455,2004.664619
1459,8.370091416,2039.145563
1460,7.378480223,2140.365435
1461,7.120655858,2510.501694
1462,8.487366078,2585.935186
1463,7.972143386,2787.120919
1464,6.830599726,2589.903554
1465,6.638770233,2252.582218
1466,8.253014247,2284.546813
1467,8.160663519,2769.57822
1468,7.626240317,2152.695985
1469,7.96715921,2234.705166
1470,6.65732443,2488.785976
1471,7.071924936,2636.315662
1472,6.764191663,2240.76332
1473,6.97651363,2645.536928
1474,6.551961913,2743.17822
1475,7.851708931,2472.228908
1476,8.383959669,2223.317783
1477,6.521261342,2402.532204
1478,6.898004915,2627.636981
1479,8.265716075,2079.048951
1480,6.69121589,2152.029928
1481,8.0691576,2134.099856
1482,8.029325961,2616.18599
1483,7.666809443,2506.294246
1484,8.128157602,2509.130345
1485,7.357063578,2220.12593
1486,6.989350709,2755.782275
1487,7.448544717,2522.223782
1488,7.186384319,2599.285107
1489,6.594912293,2277.326837
1490,6.883653745,2432.942218
1491,7.195478073,2254.781251
1492,7.977694151,2245.716022
1493,7.320021806,2389.769782
1494,7.721725032,2245.680126
1495,6.762198134,2089.755006
1496,8.386078096,2286.361483
1497,8.155630751,2570.159458
1498,8.027071187,2642.556746
1499,7.821048149,2594.04249
1500,8.197433794,2764.348222
1501,6.848670116,2158.647731
1502,7.901304606,2749.044529
1503,6.5359007,2398.717727
1504,7.967010089,2667.590114
1505,8.236504218,2572.762033
1506,7.867151375,2418.506064
1507,6.758768886,2322.224228
1508,7.189630379,2505.348331
1509,8.408105455,2240.479858
1510,7.132945305,2466.234392
1511,7.114756806,2300.790601
1512,7.111661296,2533.529699
1513,6.736267597,2755.001194
1514,7.048121252,2225.827052
1515,8.111762081,2773.585504
1516,8.245028754,2553.810107
1517,6.997801084,2485.79213
1518,6.586642226,2473.277746
1519,8.088276544,2631.651746
1520,8.21834747,2490.335604
1521,7.823228012,2578.960492
1522,8.412774687,2068.611205
1523,6.511110496,2505.310066
1524,7.905192011,2102.831461
1525,7.672762731,2647.796156
1526,7.923129713,2028.58864
1527,8.445157072,2107.46123
1528,7.422731913,2143.628115
1529,7.335271102,2641.834994
1530,6.553981385,2217.600874
1531,7.238932419,2314.036872
1532,7.32934341,2260.393174
1533,7.930117879,2680.948922
1534,6.516866372,2168.568727
1535,7.261846228,2536.660066
1536,6.892156502,2792.313129
1537,7.084548206,2613.063575
1538,7.373200959,2333.635245
1539,7.741394262,2646.703062
1540,7.963279768,2419.108991
1541,8.383131625,2649.454959
1542,7.121270458,2572.421053
1543,6.527968394,2540.173589
1544,7.139769844,2601.924293
1545,6.515153614,2673.008255
1546,7.127450242,2524.184041
1547,8.365460176,2656.603128
1548,7.985960059,2542.051454
1549,7.125306051,2283.861727
1550,7.840280595,2533.224099
1551,7.874212779,2411.36861
1552,7.898062524,2235.232541
1553,8.153865686,2352.570767
1554,6.958555968,2747.767315
1555,7.884879457,2155.171918
1556,8.481557475,2514.60462
1557,8.115879325,2118.147785
1558,6.716727865,2442.537828
1559,6.528028945,2122.676995
1560,6.930003217,2686.794609
1561,6.684048976,2358.197602
1562,8.043509288,2275.406055
1563,8.040316028,2638.04568
1564,7.718285631,2671.80473
1565,8.137728116,2761.442055
1566,7.94322816,2065.038992
1567,7.087458513,2255.309479
1568,8.288922931,2713.79479
1569,6.931606889,2433.815211
1570,6.749056652,2611.856593
1571,8.427391204,2723.28703
1572,7.698418905,2440.510202
1573,8.400243307,2434.343774
1574,7.645465452,2795.357126
1575,8.1815526,2166.690745
1576,6.594078112,2508.77662
1577,7.896238323,2061.668954
1578,8.303818213,2635.667286
1579,8.432150909,2487.53131
1580,7.842894209,2723.200858
1581,7.194552175,2354.43983
1582,7.015027816,2662.923047
1583,6.720779301,2660.648799
1584,8.454414066,2215.444598
1585,6.800575097,2123.835989
1586,6.541866018,2295.616749
1587,6.934523144,2754.354298
1588,7.275515659,2738.097672
1589,8.111941145,2119.280195
1590,7.53249253,2691.037261
1591,8.381921341,2559.564066
1592,7.348294626,2199.462773
1593,7.078241918,2170.729227
1594,6.63592299,2232.224843
1595,8.190128098,2161.746975
1596,7.677263512,2376.698505
1597,7.214191765,2054.206844
1598,7.748963369,2010.916317
1599,7.177777509,2344.62551
1600,7.485035974,2621.305116
1601,8.048862033,2742.554985
1602,7.302128624,2509.815798
1603,7.165904315,2328.301618
1604,6.601070943,2190.356597
1605,6.882464174,2519.95013
1606,7.331266486,2601.130802
1607,7.781263848,2782.23253
1608,6.772252993,2725.384152
1609,7.507823299,2166.478692
1610,7.578939267,2093.738667
1611,7.010143932,2246.03376
1612,6.651255623,2774.29532
1613,7.168472018,2030.178987
1614,6.576354587,2188.000498
1615,7.80856318,2380.282978
1616,8.053015015,2090.786601
1617,6.89231139,2138.995909
1618,8.475182298,2763.532462
1619,7.036168742,2379.368691
1620,8.352888126,2269.239697
1621,6.602083111,2680.715612
1622,7.453436108,2389.21198
1623,6.969459142,2080.559541
1624,7.593451576,2688.60112
1625,7.465335811,2020.978669
1626,6.688368934,2411.136158
1627,7.321402486,2416.116115
1628,6.966298697,2139.460481
1629,6.723448961,2036.874835
1630,7.125829742,2123.751975
1631,8.193175938,2264.591581
1632,6.815891233,2315.393848
1633,6.774058577,2667.141178
1634,8.182011999,2123.930252
1635,6.885983724,2471.743993
1636,6.658055251,2117.955723
1637,7.310616551,2121.999459
1638,7.966881022,2674.151832
1639,6.682881301,2530.499969
1640,7.312876842,2254.125014
1641,6.712622038,2062.155036
1642,6.781728305,2018.358203
1643,6.644182564,2300.627552
1644,8.196874706,2370.459647
1645,7.111863735,2620.81596
1646,6.547450455,2098.171833
1647,6.800102654,2276.972835
1648,7.606272554,2245.161914
1649,7.758820452,2145.283933
1650,7.81455325,2049.049443
1651,7.748174539,2476.647162
1652,8.08054837,2739.867363
1653,7.969038714,2366.319339
1654,7.707602343,2400.42268
1655,7.754122893,2587.077047
1656,6.671673101,2013.327936
1657,7.643897599,2121.135734
1658,7.422670577,2030.954091
1659,7.589958491,2417.273372
1660,7.781973383,2673.23618
1661,7.573254522,2021.973473
1662,7.027518844,2096.851647
1663,7.845689461,2238.990697
1664,7.553910838,2679.280426
1665,6.866215126,2216.750174
1666,6.82215054,2482.387101
1667,7.624381623,2189.244776
1668,8.344106463,2302.879134
1669,7.841912127,2506.130332
1670,8.08833549,2041.282592
1671,8.037332066,2085.080689
1672,7.678940203,2782.263765
1673,8.312303896,2159.481355
1674,6.574387192,2020.747874
1675,7.221975253,2007.320869
1676,7.954235162,2140.934229
1677,7.961025084,2568.898259
1678,7.21535243,2010.947093
1679,8.431280457,2023.445574
1680,8.227144068,2127.370972
1681,8.358887949,2166.957647
1682,8.082533638,2006.480527
1683,7.486552853,2543.592357
1684,7.144066348,2285.546249
1685,8.294961812,2015.246484
1686,8.210371135,2481.194999
1687,7.09588491,2124.978538
1688,6.893352183,2467.587764
1689,7.065499443,2169.464025
1690,7.143050406,2032.075694
1691,7.632084231,2374.331684
1692,6.766274259,2457.101088
1693,8.226810827,2460.223624
1694,7.22950503,2687.291743
1695,7.548612966,2016.630672
1696,8.253156859,2076.271177
1697,7.300371099,2114.472417
1698,6.88297158,2269.479925
1699,6.603238218,2125.98599
1700,7.799663499,2014.933191
1701,7.050411723,2164.891189
1702,6.815343927,2728.191451
1703,6.915088234,2497.55783
1704,6.708826703,2073.519065
1705,8.270931375,2563.164729
1706,8.485777784,2227.424529
1707,6.712836625,2604.426828
1708,7.119895041,2763.093758
1709,8.051221837,2106.76478
1710,7.458498592,2423.929174
1711,6.932497407,2374.100279
1712,7.688695854,2576.434163
1713,8.303121878,2787.579638
1714,7.925043764,2025.476321
1715,7.783372658,2439.142098
1716,8.150726278,2470.20013
1717,7.436273529,2497.464682
1718,7.293651351,2517.125448
1719,7.908683521,2754.631591
1720,7.45553114,2521.311992
1721,7.401180637,2758.957575
1722,6.57742961,2001.206459
1723,6.621301418,2229.577108
1724,8.343111063,2785.623984
1725,6.545040664,2772.436587
1726,7.831059465,2011.919243
1727,8.066855984,2797.44539
1728,8.267763414,2031.471763
1729,7.225136022,2475.637012
1730,8.077131009,2360.819796
1731,8.161438125,2532.839921
1732,7.521212027,2157.732355
1733,7.197482746,2288.325578
1734,7.3176723,2282.656613
1735,8.086400265,2452.41432
1736,7.393167669,2027.506454
1737,6.728359951,2260.343106
1738,8.362087724,2378.093963
1739,6.920573613,2530.609176
1740,8.262086428,2122.513612
1741,8.424764545,2694.914709
1742,8.435935344,2111.81626
1743,7.158519043,2746.029179
1744,8.308112933,2003.076978
1745,7.555868108,2475.727754
1746,6.991698264,2586.031654
1747,7.097785723,2735.061104
1748,7.897896565,2468.52756
1749,6.953186127,2583.37829
1750,7.780526734,2659.656562
1751,7.909582028,2456.577544
1752,6.81339231,2348.493807
1753,6.86786892,2568.45451
1754,6.923100765,2560.818046
1755,8.190370712,2484.612127
1756,7.274856967,2622.782639
1757,7.561414972,2355.605262
1758,6.839198461,2345.00195
1759,8.453995068,2443.836421
1760,8.482308519,2696.55967
1761,8.448515725,2339.184926
1762,6.582369916,2770.479743
1763,7.290799268,2140.307336
1764,8.479710189,2456.608893
1765,6.633554574,2303.124947
1766,7.371248676,2035.231202
1767,7.043157716,2775.409209
1768,7.032570385,2072.943965
1769,6.564342991,2466.63645
1770,6.649954099,2483.943235
1771,7.36861182,2733.74224
1772,6.885649419,2544.762273
1773,7.099570908,2352.731218
1774,8.108407795,2657.138783
1775,7.747552151,2638.166094
1776,6.900385073,2428.345673
1777,8.097287737,2454.138482
1778,8.227719964,2584.941554
1779,6.996952082,2327.430722
1780,7.720832191,2447.63643
1781,7.049317289,2556.436341
1782,7.095991297,2698.304736
1783,7.102018375,2295.580858
1784,6.930017697,2617.139884
1785,8.317043558,2770.871779
1786,7.813387795,2462.089749
1787,8.166588856,2736.458816
1788,8.488945122,2588.017926
1789,7.440443032,2669.649759
1790,8.256274013,2715.141895
1791,7.84082604,2729.799415
1792,6.552309447,2632.382327
1793,8.462109577,2148.034418
1794,7.385191576,2239.484435
1795,7.300194973,2642.126363
1796,7.058708565,2611.663696
1797,6.636539566,2481.754555
1798,7.016618096,2788.287563
1799,7.484616185,2256.96358
1800,8.187262198,2623.700451
1801,8.278751917,2659.64008
1802,7.67710951,2491.630977
1803,8.051982826,2471.430321
1804,6.766565359,2007.326121
1805,7.056863085,2723.040608
1806,8.466937956,2678.021292
1807,7.35325808,2118.91913
1808,7.705113606,2769.389978
1809,8.261360343,2084.086723
1810,7.703653936,2464.381266
1811,7.894786642,2301.426357
1812,8.078371822,2313.067556
1813,7.976132477,2474.156935
1814,8.166443322,2393.122328
1815,8.492860558,2439.834748
1816,8.415472041,2692.454658
1817,7.100420764,2569.232149
1818,7.013162196,2322.243537
1819,7.096827238,2220.503557
1820,8.155860628,2166.643748
1821,8.457335627,2094.203846
1822,6.563091158,2400.023026
1823,7.32765241,2731.683157
1824,7.755374501,2087.200327
1825,8.35926501,2230.394017
1826,6.817935435,2623.34918
1827,8.41474101,2063.498811
1828,7.835707697,2669.925934
1829,7.048253355,2732.758546
1830,7.700517429,2302.50448
1831,7.092691292,2138.051337
1832,7.621124041,2318.725799
1833,6.533637522,2492.480869
1834,6.795818019,2543.321131
1835,6.890279227,2445.490533
1836,7.179628472,2182.361202
1837,6.62069023,2690.332261
1838,8.461007131,2025.867416
1839,7.453498625,2546.492788
1840,7.968269761,2120.533773
1841,6.881128252,2657.134573
1842,6.509971294,2288.421364
1843,7.591737952,2647.5795
1844,7.41304364,2636.907549
1845,8.201856821,2592.260571
1846,7.864438937,2474.297286
1847,6.539292282,2190.69587
1848,7.468872503,2473.34548
1849,7.644114535,2050.624513
1850,6.587055399,2179.656637
1851,7.268229022,2729.783573
1852,7.797408735,2012.38277
1853,8.176669,2670.491523
1854,7.63924007,2781.50819
1855,8.278001772,2037.654439
1856,8.260192403,2075.321858
1857,7.466167182,2212.421059
1858,8.122434818,2320.266939
1859,6.813354223,2075.790554
1860,7.413799185,2339.309498
1861,7.838311048,2063.259516
1862,7.631069955,2599.689155
1863,6.809582493,2503.51224
1864,7.25696945,2341.158791
1865,8.381892277,2520.949297
1866,6.568906185,2103.37107
1867,7.247560165,2755.297853
1868,6.536667573,2147.359039
1869,7.023496958,2293.686427
1870,8.480943584,2358.584353
1871,8.168810545,2428.135882
1872,7.396329146,2610.429318
1873,7.663541065,2246.765104
1874,6.781705862,2572.552023
1875,7.492613024,2604.440171
1876,8.221337435,2383.236173
1877,8.452031522,2576.851649
1878,7.923602798,2779.730138
1879,8.062951015,2357.542202
1880,6.592325484,2504.335691
1881,7.872789138,2421.801924
1882,6.786939897,2329.075056
1883,6.652462459,2631.683111
1884,7.349587707,2726.540251
1885,6.5776701,2572.937466
1886,7.650094944,2276.268136
1887,7.137052446,2670.620286
1888,7.095901292,2332.876112
1889,8.283966265,2727.031082
1890,6.762027491,2299.790143
1891,8.315347165,2646.674815
1892,6.644058403,2667.474274
1893,7.744146395,2015.866355
1894,7.057837642,2297.788263
1895,8.174585852,2647.170999
1896,6.960376963,2457.114857
1897,8.385421401,2056.480061
1898,6.584983448,2735.689621
1899,6.920510442,2082.198954
1900,6.839529879,2508.815419
1901,6.83260351,2074.924008
1902,7.916587745,2166.554094
1903,6.551137136,2424.186181
1904,7.942557878,2796.493955
1905,8.439918231,2751.168335
1906,6.849591921,2147.891933
1907,8.144506284,2544.011
1908,8.442418475,2154.955732
1909,8.452523649,2793.892672
1910,8.441169973,2522.844507
1911,7.090144874,2348.222258
1912,7.19473614,2541.053963
1913,8.468154082,2218.647714
1914,7.642007364,2494.475336
1915,7.239893859,2347.677045
1916,8.017010243,2278.659756
1917,8.372021631,2313.608026
1918,7.970097374,2407.52893
1919,7.737404222,2177.528139
1920,7.310915677,2316.837286
1921,6.964615042,2204.627856
1922,7.252430935,2793.270858
1923,7.299199871,2609.040461
1924,8.049355802,2675.45738
1925,6.939024378,2600.289734
1926,7.836363958,2434.0967
1927,8.298614651,2326.982503
1928,8.013935016,2519.961728
1929,8.193547982,2259.644216
1930,8.190691727,2021.774662
1931,7.361011959,2060.704772
1932,6.658702274,2086.514605
1933,7.513319276,2221.506157
1934,7.425915095,2033.9297
1935,6.545853465,2583.444813
1936,6.676745352,2277.056973
1937,6.730717008,2269.321365
1938,7.26001781,2735.555484
1939,7.827848087,2098.095583
1940,7.458441795,2048.822962
1941,7.642130813,2153.75658
1942,6.767383006,2589.573198
1943,7.172411124,2191.310219
1944,7.939583651,2563.964697
1945,6.822885082,2000.197607
1946,8.102788745,2017.055466
1947,7.554922056,2329.041387
1948,7.209429544,2071.942526
1949,6.870308567,2746.130584
1950,7.315554034,2572.956452
1951,7.154175789,2554.635659
1952,7.531145901,2127.865408
1953,7.13833121,2677.022683
1954,8.225774108,2625.186796
1955,7.285763945,2134.854591
1956,7.622428868,2710.919457
1957,6.779091609,2626.104098
1958,8.049729455,2493.163174
1959,6.54839827,2089.339354
1960,8.419563615,2691.532953
1961,7.162821584,2083.038924
1962,7.408861792,2408.716358
1963,8.487851436,2087.753225
1964,7.527168412,2488.322874
1965,7.998163383,2364.277781
1966,7.175777056,2318.033665
1967,7.376597517,2220.578382
1968,6.871459718,2583.422892
1969,8.009091623,2266.972412
1970,6.558383703,2785.984634
1971,8.441039311,2397.834162
1972,6.628504902,2418.001045
1973,7.142752444,2274.351265
1974,7.130355431,2563.556013
1975,6.774125929,2481.801684
1976,7.599560812,2296.284195
1977,6.752222965,2471.857717
1978,7.241393612,2286.881673
1979,8.414898031,2745.662467
1980,7.91718214,2489.80273
1981,7.029243784,2758.432994
1982,8.436150684,2108.476276
1983,7.435109344,2628.329882
1984,8.374292253,2131.412165
1985,8.246003852,2190.576614
1986,6.692392242,2418.367689
1987,7.03804116,2118.934615
1988,7.086029852,2524.809836
1989,7.283509394,2352.718544
1990,7.156369667,2233.69984
1991,8.192886219,2583.280921
1992,6.806058954,2084.080847
1993,6.983702841,2202.394439
1994,7.414620958,2422.123503
1995,7.693517916,2010.744367
1996,6.663570822,2516.664466
1997,6.79544748,2262.401209
1998,6.865697901,2002.73648
1999,8.335582688,2296.028737
2000,8.295082034,2699.462774
2001,6.79771701,2765.666034
2002,6.525568931,2750.674397
2003,7.475925559,2044.704954
2004,7.977219969,2760.290708
2005,6.722358366,2118.822157
2006,7.67594729,2149.273541
2007,7.71100722,2785.938857
2008,7.259460991,2141.381572
2009,6.94017135,2458.705458
2010,8.444361889,2383.676736
2011,6.621141824,2248.900064
2012,7.254036915,2175.803003
2013,6.909130732,2114.707472
2014,7.301012446,2012.007255
2015,7.201907812,2149.013368
2016,7.434833027,2032.068213
2017,7.703190296,2701.618939
2018,6.791791223,2311.588969
2019,7.319652356,2432.767445
2020,6.833109025,2450.481731
2021,6.777015668,2599.375345
2022,6.624216822,2539.368564
2023,7.913712565,2749.29402
2024,8.230658903,2024.823762
2025,7.995936352,2554.443793
2026,8.457413704,2692.33148
2027,6.629740927,2728.533446
2028,7.753132979,2166.605214
2029,7.372719892,2538.801278
2030,7.20086831,2277.953062
2031,6.974336382,2604.721222
2032,8.305317719,2180.031722
2033,7.300343589,2768.231565
2034,7.476899676,2229.148119
2035,6.719017502,2061.467418
2036,8.401835857,2060.061972
2037,6.792440863,2323.000132
2038,6.900006566,2075.081294
2039,7.022874806,2622.292439
2040,6.936894789,2701.384689
2041,7.086752322,2732.254397
2042,6.541924363,2640.184961
2043,6.587796053,2636.485817
2044,8.093527061,2745.128812
2045,6.65058428,2525.901139
2046,7.687143103,2342.646425
2047,8.224792509,2607.730051
2048,6.808383545,2438.21748
2049,7.119473746,2221.067154
2050,7.608332462,2396.174688
2051,6.828611335,2542.22724
2052,7.128245375,2389.292644
2053,7.025480895,2368.688813
2054,8.247277385,2052.111064
2055,7.050497504,2206.760562
2056,7.113749831,2140.731678
2057,7.562823787,2562.612944
2058,6.961934651,2208.065984
2059,7.119538386,2525.199112
2060,7.933194057,2416.196065
2061,6.704057133,2780.060911
2062,7.948492481,2059.515109
2063,8.445388996,2285.316405
2064,7.56032586,2773.965052
2065,7.169638047,2539.932169
2066,7.40992439,2402.435255
2067,6.867677367,2390.698425
2068,6.956220462,2683.678066
2069,7.155677845,2191.976174
2070,7.157010779,2249.738485
2071,8.175558451,2707.170075
2072,6.590351073,2091.940503
2073,7.040388081,2786.933302
2074,8.460769714,2715.982855
2075,6.590907069,2784.557451
2076,7.686637155,2540.043797
2077,8.32162209,2338.266254
2078,7.594536569,2431.92911
2079,6.531532043,2775.311291
2080,8.4814033,2514.831291
2081,6.501395574,2691.492937
2082,8.128449437,2152.546271
2083,7.582485264,2328.293466
2084,7.192566618,2583.850202
2085,6.763047059,2756.481765
2086,7.516654386,2062.256814
2087,6.858476553,2018.867735
2088,7.373771061,2470.851608
2089,8.127950479,2294.899961
2090,6.617112714,2782.561473
2091,8.480955891,2087.08718
2092,6.557405568,2159.029112
2093,7.392600376,2392.813353
2094,6.678846801,2417.482927
2095,7.291479557,2245.589349
2096,8.279238627,2635.436838
2097,7.774116915,2649.499948
2098,7.691875908,2058.780645
2099,8.470972724,2629.964559
2100,6.985795281,2343.010342
2101,7.932296009,2691.356592
2102,7.643090171,2776.09911
2103,7.946955343,2353.225473
2104,7.804440473,2355.36517
2105,8.476841418,2477.226925
2106,7.780671031,2546.360026
2107,7.336050553,2388.040851
2108,7.536497655,2387.201602
2109,7.780350435,2727.197718
2110,7.825835005,2470.647094
2111,7.432215351,2066.420114
2112,7.768555414,2759.28989
2113,6.867444475,2706.998312
2114,8.438311576,2663.793114
2115,7.518501392,2052.640782
2116,7.850677392,2138.376091
2117,7.63993292,2105.045862
2118,7.696897674,2042.35076
2119,7.140585137,2170.956756
2120,8.089028322,2170.472953
2121,8.461668238,2462.006471
2122,8.393190294,2239.387824
2123,7.147565647,2478.705179
2124,7.033851536,2105.800436
2125,8.361724736,2127.505364
2126,8.385377749,2720.220128
2127,6.808334919,2014.126624
2128,7.831404165,2678.410822
2129,7.209814684,2464.370523
2130,8.294551642,2346.865484
2131,6.585368932,2479.618268
2132,6.575297813,2365.11852
2133,7.598888365,2383.864037
2134,6.534392481,2124.619944
2135,6.965656745,2388.42768
2136,6.859759549,2639.733579
2137,8.258027496,2229.812242
2138,7.749563315,2442.901077
2139,7.785966908,2644.23074
2140,6.837104622,2251.9124
2141,7.761987097,2596.441261
2142,8.191358509,2650.638793
2143,7.176135757,2449.706992
2144,8.067913173,2460.946579
2145,8.003083132,2314.995472
2146,7.397702275,2413.242875
2147,7.793032614,2318.804035
2148,7.760310303,2755.370276
2149,6.896090972,2783.837296
2150,6.70320603,2340.126343
2151,8.201889983,2475.674082
2152,7.81587191,2576.527033
2153,6.525371416,2118.144026
2154,7.19356495,2795.459568
2155,7.523592744,2726.806131
2156,6.819370381,2328.673332
2157,7.361983984,2125.603634
2158,8.225242556,2593.525036
2159,7.439474732,2679.940972
2160,7.253773169,2444.048634
2161,7.781394219,2032.162029
2162,7.39372651,2441.740672
2163,6.752915995,2503.08076
2164,7.671320737,2358.187814
2165,7.628750614,2271.55357
2166,7.411231834,2746.745915
2167,7.539186513,2596.562683
2168,7.772985752,2799.34241
2169,8.301419676,2527.010961
2170,8.282105039,2323.007889
2171,7.172109516,2715.649044
2172,7.136351978,2172.292186
2173,6.524127145,2254.933668
2174,8.058449513,2757.66221
2175,7.440429663,2584.805915
2176,6.677770616,2558.425558
2177,6.560027317,2432.864666
2178,8.050997567,2219.800057
2179,6.771453163,2251.598032
2180,8.063291453,2734.159861
2181,7.836458147,2796.766993
2182,7.523086852,2083.54935
2183,8.199468378,2013.404166
2184,7.552215282,2135.718755
2185,8.019329783,2057.191185
2186,7.279714527,2436.266447
2187,7.891914825,2035.984194
2188,8.09934628,2022.038809
2189,6.978211228,2170.634566
2190,8.304605497,2109.368377
2191,7.108669754,2513.042282
2192,7.108222929,2699.996677
2193,8.465547586,2571.477584
2194,7.932277219,2711.747464
2195,6.772014378,2319.912228
2196,7.96422923,2632.683145
2197,7.056931643,2074.615319
2198,8.180600343,2555.119044
2199,7.972615377,2128.644809
2200,6.757541961,2645.670015
2201,8.290845598,2099.153563
2202,6.989568225,2553.62277
2203,8.389772283,2075.904076
2204,7.972614021,2554.329941
2205,6.669070768,2227.595912
2206,6.642385429,2375.865081
2207,7.738992995,2084.53632
2208,7.950924451,2624.824945
2209,7.077262778,2253.333439
2210,7.894890089,2372.58803
2211,6.770915929,2599.327529
2212,6.637868171,2329.903019
2213,8.426718157,2105.502937
2214,6.995470914,2079.081379
2215,7.436916501,2311.602672
2216,7.461911445,2636.183736
2217,8.073855933,2266.021468
2218,7.237184588,2061.090454
2219,7.377539302,2125.24826
2220,6.50812364,2780.107615
2221,7.01894249,2678.785434
2222,7.721339224,2048.820269
2223,6.816832354,2377.401849
2224,7.113042441,2074.22435
2225,7.831647477,2721.663259
2226,7.3215894,2126.561669
2227,7.641418925,2721.573896
2228,8.004642911,2715.626426
2229,7.12523177,2053.47142
2230,8.376736197,2047.506256
2231,7.439819812,2544.069217
2232,7.761888586,2549.313798
2233,6.911878281,2653.992178
2234,6.988032457,2077.967826
2235,8.206684579,2306.394865
2236,7.693685099,2784.430611
2237,7.941921528,2718.434133
2238,6.674276073,2008.805975
2239,6.975006922,2468.518522
2240,7.883468723,2418.475924
2241,8.33867613,2466.117122
2242,6.550660352,2180.443045
2243,8.011349542,2220.084505
2244,7.186664003,2478.61894
2245,8.484881934,2007.02401
2246,8.261793383,2660.582586
2247,8.44661306,2149.973932
2248,7.287279914,2237.289456
2249,8.448087387,2380.140603
2250,7.155396598,2376.157235
2251,8.17576782,2045.520673
2252,7.323311159,2621.651881
2253,8.38165626,2643.580549
2254,7.944211793,2540.37259
2255,8.271342993,2560.981838
2256,6.688691032,2518.106402
2257,6.80203176,2443.192786
2258,6.993359512,2285.741151
2259,8.476359331,2598.133093
2260,6.845797519,2211.393747
2261,8.287284985,2104.814207
2262,7.516516776,2202.650338
2263,6.782967389,2424.889213
2264,6.778648405,2667.726898
2265,7.285417316,2376.99449
2266,8.481725713,2536.850398
2267,7.824522508,2261.815103
2268,7.225980819,2221.522586
2269,8.355094507,2445.533233
2270,8.430361161,2641.588361
2271,8.322990749,2052.511798
2272,7.49652655,2308.615462
2273,8.333283477,2299.074665
2274,8.077381862,2451.501149
2275,6.868289585,2538.929003
2276,8.169181683,2088.755293
2277,7.192351599,2519.428864
2278,6.698069878,2347.448201
2279,7.102927625,2250.78994
2280,7.253267402,2102.72075
2281,8.497968232,2045.099338
2282,8.295438032,2534.071483
2283,7.410264395,2565.428663
2284,6.649167476,2530.195713
2285,8.3345553,2339.903175
2286,8.280328179,2097.693541
2287,7.523013092,2202.978651
2288,8.074835705,2261.30632
2289,6.512563206,2063.62516
2290,8.496507511,2717.571338
2291,8.036585469,2368.479648
2292,8.091593067,2446.95028
2293,7.002741378,2079.690288
2294,8.34283087,2629.773933
2295,7.936091742,2294.66655
2296,8.208169653,2431.655794
2297,6.590975197,2525.592122
2298,8.135897983,2591.291782
2299,7.370992796,2523.854047
2300,7.953666958,2367.71527
2301,6.601614168,2534.944788
2302,7.028711162,2750.564349
2303,7.058395509,2532.884905
2304,8.158057452,2376.737086
2305,6.517121376,2502.469292
2306,6.999702261,2798.089678
2307,6.582802953,2520.606849
2308,7.45057355,2301.845185
2309,7.920946555,2741.223557
2310,6.572250432,2443.389594
2311,7.076215447,2513.94079
2312,7.091449392,2420.282534
2313,7.078797814,2066.6232
2314,7.794646807,2100.994526
2315,7.330453265,2674.002431
2316,8.256191719,2285.519548
2317,8.320877056,2689.925552
2318,8.259995239,2009.800122
2319,6.636882708,2438.0844
2320,8.081701695,2635.343656
2321,7.515523384,2185.858029
2322,8.258124506,2091.305201
2323,6.5428188,2754.934097
2324,7.515126863,2511.296814
2325,7.683145406,2537.586663
2326,7.825027599,2308.773796
2327,6.930847467,2438.518406
2328,8.497430603,2294.768689
2329,7.235804033,2181.094247
2330,7.467854307,2600.206934
2331,6.933362853,2696.803705
2332,6.71367231,2366.982341
2333,6.707230702,2730.179387
2334,7.311750642,2602.112281
2335,7.389107919,2359.023304
2336,6.895027551,2360.011743
2337,7.293158294,2528.427522
2338,7.558062839,2434.399211
2339,8.272076609,2129.926831
2340,8.09405618,2634.478126
2341,8.04577842,2384.464191
2342,7.891714432,2427.59007
2343,7.806654719,2677.84292
2344,7.182419501,2317.813055
2345,8.317461297,2442.971161
2346,6.795896358,2256.012087
2347,7.21363592,2615.969312
2348,6.606206749,2228.537364
2349,7.729488314,2486.635832
2350,8.033254534,2064.3985
2351,8.333558789,2298.328328
2352,7.305510545,2410.510896
2353,7.77139151,2733.156104
2354,6.505858442,2565.515292
2355,7.553978494,2779.788002
2356,6.811829172,2524.328599
2357,8.437894726,2154.016583
2358,6.935289782,2590.422914
2359,8.134805332,2520.500461
2360,6.712489263,2045.971964
2361,6.925765596,2635.792844
2362,7.723870919,2347.851638
2363,7.088417042,2422.449799
2364,7.895261281,2047.792099
2365,8.285567241,2366.81616
2366,8.329192534,2491.251639
2367,7.122666229,2681.143653
2368,6.651233433,2290.677809
2369,7.633513725,2546.235046
2370,8.346997422,2123.84358
2371,7.337649525,2722.74101
2372,8.14337667,2789.442228
2373,8.248869215,2706.169017
2374,7.589910039,2307.46033
2375,7.341387057,2137.142464
2376,7.389524002,2519.00701
2377,6.887982316,2005.301562
2378,7.330121433,2400.418624
2379,8.353384333,2190.360313
2380,7.592873637,2116.57695
2381,6.654409951,2224.250714
2382,6.6251062,2313.55226
2383,7.394767452,2356.295008
2384,7.809701764,2404.345336
2385,6.839445863,2028.633483
2386,7.975260622,2324.199977
2387,6.845614353,2742.704414
2388,7.990531699,2077.160518
2389,7.72056848,2397.058255
2390,7.967073394,2464.739081
2391,8.179299793,2042.533609
2392,6.835052701,2662.681204
2393,6.802450151,2160.016349
2394,8.164152781,2164.541143
2395,6.898698309,2634.99928
2396,7.430684309,2399.351857
2397,8.438231323,2088.841053
2398,7.3329253,2329.790492
2399,7.294259336,2623.006963
2400,6.995049093,2160.911766
2401,7.634667708,2558.95144
2402,7.102625403,2548.465761
2403,7.244631051,2133.741536
2404,7.859290783,2485.504
2405,7.772178713,2410.481059
2406,7.914691968,2391.264965
2407,7.595285338,2121.797526
2408,7.230555988,2020.439844
2409,7.77824807,2444.828597
2410,7.590431356,2359.70363
2411,6.918325443,2121.64307
2412,8.24343036,2528.65359
2413,7.351783881,2340.089489
2414,7.039364218,2043.993095
2415,7.584673077,2089.183589
2416,7.006819168,2751.401269
2417,7.482855279,2616.439125
2418,7.551938171,2660.685665
2419,8.098032013,2478.061802
2420,8.143931579,2478.675092
2421,7.351131946,2465.166565
2422,6.584708863,2294.761292
2423,6.648196151,2631.029873
2424,6.859881168,2523.229576
2425,6.64687356,2410.039043
2426,8.100078297,2781.962272
2427,6.520671568,2639.265729
2428,7.741393133,2483.602403
2429,7.273881507,2275.961053
2430,6.636780021,2123.626963
2431,6.770073606,2789.804222
2432,7.824374922,2252.474711
2433,7.215292723,2077.659998
2434,7.535263116,2178.24878
2435,8.328466196,2046.340417
2436,8.148944509,2334.529623
2437,7.442029318,2141.996156
2438,6.868417217,2092.82428
2439,7.96640252,2303.56126
2440,7.794925543,2500.64478
2441,6.79679407,2396.942872
2442,8.460035238,2320.042527
2443,7.570089147,2620.002609
2444,6.815520117,2004.049304
2445,7.492607797,2365.033866
2446,7.204412123,2072.20586
2447,8.486928738,2798.505989
2448,8.032009473,2552.910867
2449,6.576696105,2751.610921
2450,6.569849366,2286.151978
2451,7.519540165,2548.454676
2452,8.266133224,2208.965029
2453,8.377435874,2352.653826
2454,8.338726572,2318.966311
2455,8.288983726,2145.46178
2456,8.008205175,2649.457877
2457,7.507325623,2300.803003
2458,7.707396364,2660.249464
2459,7.435240558,2028.451736
2460,8.319237778,2768.685061
2461,6.900936997,2582.095246
2462,8.070758239,2592.814866
2463,7.409243027,2510.687802
2464,6.682461525,2124.065737
2465,7.749204439,2141.902153
2466,7.830967425,2603.638402
2467,7.048969933,2183.258255
2468,8.335847709,2773.906207
2469,7.47755586,2639.880286
2470,7.117438093,2306.489963
2471,7.673671533,2136.442419
2472,8.102580719,2744.576919
2473,6.51520587,2322.300843
2474,7.602153142,2129.881958
2475,8.077760642,2723.197661
2476,7.106050038,2645.141141
2477,8.153595772,2640.036607
2478,7.063761228,2574.945885
2479,8.084668714,2145.609148
2480,7.252665776,2138.219644
2481,7.151848606,2249.87032
2482,6.539429873,2407.57333
2483,7.293709828,2268.415959
2484,7.441052949,2692.316972
2485,8.275517073,2124.804602
2486,7.91951889,2513.648332
2487,8.173809941,2689.420398
2488,7.289768372,2692.06603
2489,6.714760363,2573.504398
2490,6.89992849,2140.221737
2491,7.984584287,2528.77061
2492,7.057540042,2136.334629
2493,7.778675628,2644.773317
2494,7.908264987,2285.310012
2495,6.658477683,2776.261979
2496,8.090946132,2121.734805
2497,8.061983389,2537.72971
2498,8.209685842,2180.97935
2499,8.324477939,2525.730128
2500,7.7093408,2681.09345
2501,7.650476187,2324.483265
2502,7.922037932,2532.872137
2503,7.743782738,2430.599633
2504,8.010601159,2416.577744
2505,8.24923815,2555.632533
2506,8.233596434,2062.407135
2507,7.738853361,2654.669312
2508,8.138233148,2091.267533
2509,7.647775685,2678.829979
2510,6.797247909,2350.444294
2511,7.452799396,2166.191306
2512,7.466414038,2300.801716
2513,8.267246748,2351.813427
2514,6.983117913,2418.316293
2515,8.114580117,2557.588726
2516,6.530397422,2348.08684
2517,8.442418214,2073.995149
2518,7.114462329,2271.783114
2519,6.919643951,2626.079718
2520,6.964476582,2160.700414
2521,7.819267634,2647.12037
2522,8.051354447,2219.444376
2523,7.202992033,2703.998913
2524,7.339746098,2320.046815
2525,6.645114935,2792.542989
2526,6.667572761,2183.698421
2527,6.873245749,2121.669382
2528,7.268167659,2114.891281
2529,7.570053857,2643.065835
2530,6.91772402,2792.532403
2531,7.83557652,2514.416011
2532,6.678389283,2688.662357
2533,7.108666154,2513.132057
2534,6.679914947,2384.512372
2535,8.398392147,2197.775934
2536,6.952882338,2266.184024
2537,6.892420425,2534.411611
2538,6.590507655,2731.780983
2539,7.533290602,2315.212396
2540,7.810268023,2680.706913
2541,7.551037351,2246.579511
2542,8.061646796,2345.77664
2543,7.200363675,2506.389772
2544,7.798773563,2321.689899
2545,7.021027306,2507.017404
2546,6.730670391,2357.580707
2547,6.556843464,2401.608755
2548,7.726969904,2040.80582
2549,7.745794433,2746.365461
2550,6.744089967,2090.714875
2551,6.723252277,2261.786461
2552,6.918356209,2440.354988
2553,6.851000322,2596.528956
2554,7.378437809,2409.020187
2555,7.483489206,2553.452066
